eplet_name,eplet_residues,allele_name,,,,,
44KM,44K 45M (149A 150V1 51H 152A) (158V),A*01:01,,,,,
62QE,62Q 63E,A*01:01,,,,,
65RNA,65R 66N 69A,A*01:01,,,,,
76ANT,76A 77N 80T,A*01:01,,,,,
79GT,79G 80T,A*01:01,,,,,
90D,90D,A*01:01,,,,,
138MI,138M 142I,A*01:01,,,,,
144K,144K,A*01:01,,,,,
144KR,144K 145R,A*01:01,,,,,
163R,163R,A*01:01,,,,,
163RG,163R 167G,A*01:01,,,,,
166DG,166D 167G,A*01:01,,,,,
62GE,62G 63E,A*02:01,,,,,
62GK,62G 66K (74H 77D),A*02:01,,,,,
79GT,79G 80T,A*02:01,,,,,
107W,107W,A*02:01,,,,,
127K,127K,A*02:01,,,,,
144K,144K,A*02:01,,,,,
144TKH,142T 144K 145H,A*02:01,,,,,
145KHA,144K 145H 149A,A*02:01,,,,,
150AAH,149A 150A 151H,A*02:01,,,,,
253Q,253Q,A*02:01,,,,,
62GE,62G 63E,A*02:02,,,,,
62GK,62G 66K (74H 77D),A*02:02,,,,,
79GT,79G 80T,A*02:02,,,,,
107W,107W,A*02:02,,,,,
127K,127K,A*02:02,,,,,
144K,144K,A*02:02,,,,,
144TKH,142T 144K 145H,A*02:02,,,,,
145KHA,144K 145H 149A,A*02:02,,,,,
150AAH,149A 150A 151H,A*02:02,,,,,
253Q,253Q,A*02:02,,,,,
62GE,62G 63E,A*02:03,,,,,
62GK,62G 66K (74H 77D),A*02:03,,,,,
79GT,79G 80T,A*02:03,,,,,
107W,107W,A*02:03,,,,,
127K,127K,A*02:03,,,,,
144K,144K,A*02:03,,,,,
144TKH,142T 144K 145H,A*02:03,,,,,
149TAH,149T 150A 151H,A*02:03,,,,,
253Q,253Q,A*02:03,,,,,
62GE,62G 63E,A*02:05,,,,,
62GK,62G 66K (74H 77D),A*02:05,,,,,
79GT,79G 80T,A*02:05,,,,,
107W,107W,A*02:05,,,,,
127K,127K,A*02:05,,,,,
144K,144K,A*02:05,,,,,
144TKH,142T 144K 145H,A*02:05,,,,,
145KHA,144K 145H 149A,A*02:05,,,,,
150AAH,149A 150A 151H,A*02:05,,,,,
253Q,253Q,A*02:05,,,,,
62GE,62G 63E,A*02:06,,,,,
62GK,62G 66K (74H 77D),A*02:06,,,,,
79GT,79G 80T,A*02:06,,,,,
107W,107W,A*02:06,,,,,
127K,127K,A*02:06,,,,,
144K,144K,A*02:06,,,,,
144TKH,142T 144K 145H,A*02:06,,,,,
145KHA,144K 145H 149A,A*02:06,,,,,
150AAH,149A 150A 151H,A*02:06,,,,,
253Q,253Q,A*02:06,,,,,
62GE,62G 63E,A*02:07,,,,,
62GK,62G 66K (74H 77D),A*02:07,,,,,
79GT,79G 80T,A*02:07,,,,,
107W,107W,A*02:07,,,,,
127K,127K,A*02:07,,,,,
144K,144K,A*02:07,,,,,
144TKH,142T 144K 145H,A*02:07,,,,,
145KHA,144K 145H 149A,A*02:07,,,,,
150AAH,149A 150A 151H,A*02:07,,,,,
253Q,253Q,A*02:07,,,,,
62QE,62Q 63E,A*03:01,,,,,
65RNA,65R 66N 69A,A*03:01,,,,,
79GT,79G 80T,A*03:01,,,,,
138MI,138M 142I,A*03:01,,,,,
144K,144K,A*03:01,,,,,
144KR,144K 145R,A*03:01,,,,,
150AAH,149A 150A 151H,A*03:01,,,,,
161D,161D,A*03:01,,,,,
62QE,62Q 63E,A*11:01,,,,,
65RNA,65R 66N 69A,A*11:01,,,,,
79GT,79G 80T,A*11:01,,,,,
90D,90D,A*11:01,,,,,
138MI,138M 142I,A*11:01,,,,,
144K,144K,A*11:01,,,,,
144KR,144K 145R,A*11:01,,,,,
150AAH,149A 150A 151H,A*11:01,,,,,
151AHA,150A 151H 152A,A*11:01,,,,,
163R,163R,A*11:01,,,,,
163RW,163R 167W,A*11:01,,,,,
62QE,62Q 63E,A*11:02,,,,,
65RNA,65R 66N 69A,A*11:02,,,,,
79GT,79G 80T,A*11:02,,,,,
90D,90D,A*11:02,,,,,
138MI,138M 142I,A*11:02,,,,,
144K,144K,A*11:02,,,,,
144KR,144K 145R,A*11:02,,,,,
150AAH,149A 150A 151H,A*11:02,,,,,
151AHA,150A 151H 152A,A*11:02,,,,,
163R,163R,A*11:02,,,,,
163RW,163R 167W,A*11:02,,,,,
62EE,62E 63E,A*23:01,,,,,
65GK,65G 66K,A*23:01,,,,,
80I,80I,A*23:01,,,,,
82LR,82L 83R,A*23:01,,,,,
127K,127K,A*23:01,,,,,
138MI,138M 142I,A*23:01,,,,,
166DG,166D 167G,A*23:01,,,,,
62EE,62E 63E,A*24:02,,,,,
65GK,65G 66K,A*24:02,,,,,
80I,80I,A*24:02,,,,,
82LR,82L 83R,A*24:02,,,,,
127K,127K,A*24:02,,,,,
138MI,138M 142I,A*24:02,,,,,
144K,144K,A*24:02,,,,,
144KR,144K 145R,A*24:02,,,,,
150AAH,149A 150A 151H,A*24:02,,,,,
166DG,166D 167G,A*24:02,,,,,
62EE,62E 63E,A*24:03,,,,,
65GK,65G 66K,A*24:03,,,,,
80I,80I,A*24:03,,,,,
82LR,82L 83R,A*24:03,,,,,
127K,127K,A*24:03,,,,,
138MI,138M 142I,A*24:03,,,,,
144K,144K,A*24:03,,,,,
144KR,144K 145R,A*24:03,,,,,
150AAH,149A 150A 151H,A*24:03,,,,,
62RR,62R 65R,A*25:01,,,,,
65RNA,65R 66N 69A,A*25:01,,,,,
76ESI,76E 77S 80I,A*25:01,,,,,
80I,80I,A*25:01,,,,,
82LR,82L 83R,A*25:01,,,,,
90D,90D,A*25:01,,,,,
138MI,138M 142I,A*25:01,,,,,
145RT,145R 149T,A*25:01,,,,,
149TAH,149T 150A 151H,A*25:01,,,,,
163R,163R,A*25:01,,,,,
163RW,163R 167W,A*25:01,,,,,
253Q,253Q,A*25:01,,,,,
62RR,62R 65R,A*26:01,,,,,
65RNA,65R 66N 69A,A*26:01,,,,,
76ANT,76A 77N 80T,A*26:01,,,,,
79GT,79G 80T,A*26:01,,,,,
90D,90D,A*26:01,,,,,
138MI,138M 142I,A*26:01,,,,,
145RT,145R 149T,A*26:01,,,,,
149TAH,149T 150A 151H,A*26:01,,,,,
163R,163R,A*26:01,,,,,
163RW,163R 167W,A*26:01,,,,,
253Q,253Q,A*26:01,,,,,
62LQ,62L 63Q,A*29:01,,,,,
65RNA,65R 66N 69A,A*29:01,,,,,
76ANT,76A 77N 80T,A*29:01,,,,,
79GT,79G 80T,A*29:01,,,,,
138MI,138M 142I,A*29:01,,,,,
253Q,253Q,A*29:01,,,,,
62LQ,62L 63Q,A*29:02,,,,,
65RNA,65R 66N 69A,A*29:02,,,,,
76ANT,76A 77N 80T,A*29:02,,,,,
79GT,79G 80T,A*29:02,,,,,
138MI,138M 142I,A*29:02,,,,,
253Q,253Q,A*29:02,,,,,
56R,56R,A*30:01,,,,,
62QE,62Q 63E,A*30:01,,,,,
65RNA,65R 66N 69A,A*30:01,,,,,
79GT,79G 80T,A*30:01,,,,,
138MI,138M 142I,A*30:01,,,,,
56R,56R,A*30:02,,,,,
62QE,62Q 63E,A*30:02,,,,,
65RNA,65R 66N 69A,A*30:02,,,,,
76EG,76E 79G,A*30:02,,,,,
79GT,79G 80T,A*30:02,,,,,
138MI,138M 142I,A*30:02,,,,,
62QE,62Q 63E,A*30:03,,,,,
65RNA,65R 66N 69A,A*30:03,,,,,
76EG,76E 79G,A*30:03,,,,,
79GT,79G 80T,A*30:03,,,,,
138MI,138M 142I,A*30:03,,,,,
56R,56R,A*31:01,,,,,
62QE,62Q 63E,A*31:01,,,,,
65RNA,65R 66N 69A,A*31:01,,,,,
79GT,79G 80T,A*31:01,,,,,
138MI,138M 142I,A*31:01,,,,,
253Q,253Q,A*31:01,,,,,
62QE,62Q 63E,A*32:01,,,,,
65RNA,65R 66N 69A,A*32:01,,,,,
76ESI,76E 77S 80I,A*32:01,,,,,
80I,80I,A*32:01,,,,,
82LR,82L 83R,A*32:01,,,,,
138MI,138M 142I,A*32:01,,,,,
253Q,253Q,A*32:01,,,,,
62RR,62R 65R,A*33:01,,,,,
65RNA,65R 66N 69A,A*33:01,,,,,
79GT,79G 80T,A*33:01,,,,,
138MI,138M 142I,A*33:01,,,,,
253Q,253Q,A*33:01,,,,,
62RR,62R 65R,A*33:03,,,,,
65RNA,65R 66N 69A,A*33:03,,,,,
79GT,79G 80T,A*33:03,,,,,
138MI,138M 142I,A*33:03,,,,,
253Q,253Q,A*33:03,,,,,
62RR,62R 65R,A*34:01,,,,,
79GT,79G 80T,A*34:01,,,,,
90D,90D,A*34:01,,,,,
138MI,138M 142I,A*34:01,,,,,
145RT,145R 149T,A*34:01,,,,,
149TAH,149T 150A 151H,A*34:01,,,,,
253Q,253Q,A*34:01,,,,,
62RR,62R 65R,A*34:02,,,,,
65RNA,65R 66N 69A,A*34:02,,,,,
79GT,79G 80T,A*34:02,,,,,
90D,90D,A*34:02,,,,,
138MI,138M 142I,A*34:02,,,,,
145RT,145R 149T,A*34:02,,,,,
149TAH,149T 150A 151H,A*34:02,,,,,
253Q,253Q,A*34:02,,,,,
44KM,44K 45M (149A 150V1 51H 152A) (158V),A*36:01,,,,,
62QE,62Q 63E,A*36:01,,,,,
65RNA,65R 66N 69A,A*36:01,,,,,
76ANT,76A 77N 80T,A*36:01,,,,,
79GT,79G 80T,A*36:01,,,,,
90D,90D,A*36:01,,,,,
138MI,138M 142I,A*36:01,,,,,
144K,144K,A*36:01,,,,,
144KR,144K 145R,A*36:01,,,,,
62LQ,62L 63Q,A*43:01,,,,,
65RNA,65R 66N 69A,A*43:01,,,,,
76ANT,76A 77N 80T,A*43:01,,,,,
79GT,79G 80T,A*43:01,,,,,
90D,90D,A*43:01,,,,,
138MI,138M 142I,A*43:01,,,,,
145RT,145R 149T,A*43:01,,,,,
149TAH,149T 150A 151H,A*43:01,,,,,
163R,163R,A*43:01,,,,,
163RW,163R 167W,A*43:01,,,,,
253Q,253Q,A*43:01,,,,,
62RR,62R 65R,A*66:01,,,,,
65RNA,65R 66N 69A,A*66:01,,,,,
79GT,79G 80T,A*66:01,,,,,
90D,90D,A*66:01,,,,,
138MI,138M 142I,A*66:01,,,,,
145RT,145R 149T,A*66:01,,,,,
149TAH,149T 150A 151H,A*66:01,,,,,
163R,163R,A*66:01,,,,,
163RW,163R 167W,A*66:01,,,,,
253Q,253Q,A*66:01,,,,,
62RR,62R 65R,A*66:02,,,,,
65RNA,65R 66N 69A,A*66:02,,,,,
79GT,79G 80T,A*66:02,,,,,
138MI,138M 142I,A*66:02,,,,,
145RT,145R 149T,A*66:02,,,,,
149TAH,149T 150A 151H,A*66:02,,,,,
163EW,163E 167W,A*66:02,,,,,
253Q,253Q,A*66:02,,,,,
62RR,62R 65R,A*68:01,,,,,
65RNA,65R 66N 69A,A*68:01,,,,,
79GT,79G 80T,A*68:01,,,,,
127K,127K,A*68:01,,,,,
144K,144K,A*68:01,,,,,
144TKH,142T 144K 145H,A*68:01,,,,,
145KHA,144K 145H 149A,A*68:01,,,,,
150AAH,149A 150A 151H,A*68:01,,,,,
253Q,253Q,A*68:01,,,,,
62RR,62R 65R,A*68:02,,,,,
65RNA,65R 66N 69A,A*68:02,,,,,
79GT,79G 80T,A*68:02,,,,,
127K,127K,A*68:02,,,,,
144K,144K,A*68:02,,,,,
144TKH,142T 144K 145H,A*68:02,,,,,
145KHA,144K 145H 149A,A*68:02,,,,,
150AAH,149A 150A 151H,A*68:02,,,,,
253Q,253Q,A*68:02,,,,,
62RR,62R 65R,A*69:01,,,,,
65RNA,65R 66N 69A,A*69:01,,,,,
79GT,79G 80T,A*69:01,,,,,
107W,107W,A*69:01,,,,,
127K,127K,A*69:01,,,,,
144K,144K,A*69:01,,,,,
144TKH,142T 144K 145H,A*69:01,,,,,
145KHA,144K 145H 149A,A*69:01,,,,,
150AAH,149A 150A 151H,A*69:01,,,,,
253Q,253Q,A*69:01,,,,,
62QE,62Q 63E,A*74:01,,,,,
65RNA,65R 66N 69A,A*74:01,,,,,
79GT,79G 80T,A*74:01,,,,,
138MI,138M 142I,A*74:01,,,,,
253Q,253Q,A*74:01,,,,,
62EE,62E 63E,A*80:01,,,,,
65RNA,65R 66N 69A,A*80:01,,,,,
76ANT,76A 77N 80T,A*80:01,,,,,
79GT,79G 80T,A*80:01,,,,,
90D,90D,A*80:01,,,,,
138MI,138M 142I,A*80:01,,,,,
144K,144K,A*80:01,,,,,
144KR,144K 145R,A*80:01,,,,,
166DG,166D 167G,A*80:01,,,,,
65QIA,65Q 66I 69A,B*07:02,,,,,
69AA,69A 71A,B*07:02,,,,,
70IAQ,66I 69A 70Q,B*07:02,,,,,
76ESN,76E 77S 80N,B*07:02,,,,,
80N,80N,B*07:02,,,,,
163EW,163E 167W,B*07:02,,,,,
180E,180E,B*07:02,,,,,
69TNT,69T 70N 71T,B*08:01,,,,,
71TTS,71T 73T 77S,B*08:01,,,,,
76ESN,76E 77S 80N,B*08:01,,,,,
80N,80N,B*08:01,,,,,
156DA,156D 158A,B*08:01,,,,,
180E,180E,B*08:01,,,,,
41T,41T,B*13:01,,8,,,
44RMA,44R 45M 46A,B*13:01,,,,,
69TNT,69T 70N 71T,B*13:01,,,,,
80TLR,80T 82L 83R,B*13:01,,,,,
82LR,82L 83R,B*13:01,,,,,
131S,131S,B*13:01,,,,,
144QL,144Q 145L,B*13:01,,,,,
163EW,163E 167W,B*13:01,,,,,
41T,41T,B*13:02,,,,,
44RMA,44R 45M 46A,B*13:02,,,,,
69TNT,69T 70N 71T,B*13:02,,,,,
80TLR,80T 82L 83R,B*13:02,,,,,
82LR,82L 83R,B*13:02,,,,,
131S,131S,B*13:02,,,,,
144QL,144Q 145L,B*13:02,,,,,
163EW,163E 167W,B*13:02,,,,,
69TNT,69T 70N 71T,B*14:01,,,,,
71TTS,71T 73T 77S,B*14:01,,,,,
76ESN,76E 77S 80N,B*14:01,,,,,
80N,80N,B*14:01,,,,,
131S,131S,B*14:01,,,,,
69TNT,69T 70N 71T,B*14:02,,,,,
71TTS,71T 73T 77S,B*14:02,,,,,
76ESN,76E 77S 80N,B*14:02,,,,,
80N,80N,B*14:02,,,,,
131S,131S,B*14:02,,,,,
44RMA,44R 45M 46A,B*15:01,,,,,
69TNT,69T 70N 71T,B*15:01,,,,,
71TTS,71T 73T 77S,B*15:01,,,,,
76ESN,76E 77S 80N,B*15:01,,,,,
80N,80N,B*15:01,,,,,
131S,131S,B*15:01,,,,,
163LW,163L 167W,B*15:01,,,,,
44RMA,44R 45M 46A,B*15:02,,,,,
69TNT,69T 70N 71T,B*15:02,,,,,
71TTS,71T 73T 77S,B*15:02,,,,,
76ESN,76E 77S 80N,B*15:02,,,,,
80N,80N,B*15:02,,,,,
131S,131S,B*15:02,,,,,
163LW,163L 167W,B*15:02,,,,,
69TNT,69T 70N 71T,B*15:03,,,,,
71TTS,71T 73T 77S,B*15:03,,,,,
76ESN,76E 77S 80N,B*15:03,,,,,
80N,80N,B*15:03,,,,,
131S,131S,B*15:03,,,,,
163LW,163L 167W,B*15:03,,,,,
69TNT,69T 70N 71T,B*15:10,,,,,
71TTS,71T 73T 77S,B*15:10,,,,,
76ESN,76E 77S 80N,B*15:10,,,,,
80N,80N,B*15:10,,,,,
131S,131S,B*15:10,,,,,
163LW,163L 167W,B*15:10,,,,,
44RMA,44R 45M 46A,B*15:11,,,,,
69TNT,69T 70N 71T,B*15:11,,,,,
71TTS,71T 73T 77S,B*15:11,,,,,
76ESN,76E 77S 80N,B*15:11,,,,,
80N,80N,B*15:11,,,,,
131S,131S,B*15:11,,,,,
163LW,163L 167W,B*15:11,,,,,
44RMA,44R 45M 46A,B*15:12,,8,,,
69TNT,69T 70N 71T,B*15:12,,,,,
71TTS,71T 73T 77S,B*15:12,,,,,
76ESN,76E 77S 80N,B*15:12,,,,,
80N,80N,B*15:12,,,,,
131S,131S,B*15:12,,,,,
163LS/G,163L 167G/S,B*15:12,,,,,
166DG,166D 167G,B*15:12,,,,,
44RMA,44R 45M 46A,B*15:13,,,,,
69TNT,69T 70N 71T,B*15:13,,,,,
80I,80I,B*15:13,,,,,
82LR,82L 83R,B*15:13,,,,,
131S,131S,B*15:13,,,,,
163LW,163L 167W,B*15:13,,,,,
44RMA,44R 45M 46A,B*15:16,,9,,,
62RR,62R 65R,B*15:16,,,,,
65RNA,65R 66N 69A,B*15:16,,,,,
69AA,69A 71A,B*15:16,,,,,
71SA,70S 71A,B*15:16,,,,,
80I,80I,B*15:16,,,,,
82LR,82L 83R,B*15:16,,,,,
131S,131S,B*15:16,,,,,
163LW,163L 167W,B*15:16,,,,,
44RT,44R 45T,B*18:01,,,,,
69TNT,69T 70N 71T,B*18:01,,,,,
71TTS,71T 73T 77S,B*18:01,,,,,
76ESN,76E 77S 80N,B*18:01,,,,,
80N,80N,B*18:01,,,,,
131S,131S,B*18:01,,,,,
65QIA,65Q 66I 69A,B*27:03,,,,,
69AA,69A 71A,B*27:03,,,,,
71ATD,71A 73T 77D,B*27:03,,,,,
80TLR,80T 82L 83R,B*27:03,,,,,
82LR,82L 83R,B*27:03,,,,,
131S,131S,B*27:03,,,,,
163EW,163E 167W,B*27:03,,,,,
65QIA,65Q 66I 69A,B*27:04,,,,,
69AA,69A 71A,B*27:04,,,,,
80TLR,80T 82L 83R,B*27:04,,,,,
82LR,82L 83R,B*27:04,,,,,
131S,131S,B*27:04,,,,,
163EW,163E 167W,B*27:04,,,,,
65QIA,65Q 66I 69A,B*27:05,,,,,
69AA,69A 71A,B*27:05,,,,,
71ATD,71A 73T 77D,B*27:05,,,,,
80TLR,80T 82L 83R,B*27:05,,,,,
82LR,82L 83R,B*27:05,,,,,
131S,131S,B*27:05,,,,,
163EW,163E 167W,B*27:05,,,,,
65QIA,65Q 66I 69A,B*27:06,,,,,
69AA,69A 71A,B*27:06,,,,,
80TLR,80T 82L 83R,B*27:06,,,,,
82LR,82L 83R,B*27:06,,,,,
131S,131S,B*27:06,,,,,
163EW,163E 167W,B*27:06,,,,,
65QIA,65Q 66I 69A,B*27:08,,,,,
69AA,69A 71A,B*27:08,,,,,
76ESN,76E 77S 80N,B*27:08,,,,,
80N,80N,B*27:08,,,,,
131S,131S,B*27:08,,,,,
163EW,163E 167W,B*27:08,,,,,
65QIA,65Q 66I 69A,B*27:09,,,,,
69AA,69A 71A,B*27:09,,,,,
71ATD,71A 73T 77D,B*27:09,,,,,
80TLR,80T 82L 83R,B*27:09,,,,,
82LR,82L 83R,B*27:09,,,,,
131S,131S,B*27:09,,,,,
163EW,163E 167W,B*27:09,,,,,
44RT,44R 45T,B*35:01,,8,,,
69TNT,69T 70N 71T,B*35:01,,,,,
71TTS,71T 73T 77S,B*35:01,,,,,
76ESN,76E 77S 80N,B*35:01,,,,,
80N,80N,B*35:01,,,,,
131S,131S,B*35:01,,,,,
163LW,163L 167W,B*35:01,,,,,
193PV,193P 194V,B*35:01,,,,,
44RT,44R 45T,B*35:08,,8,,,
69TNT,69T 70N 71T,B*35:08,,,,,
71TTS,71T 73T 77S,B*35:08,,,,,
76ESN,76E 77S 80N,B*35:08,,,,,
80N,80N,B*35:08,,,,,
131S,131S,B*35:08,,,,,
163LW,163L 167W,B*35:08,,,,,
193PV,193P 194V,B*35:08,,,,,
44RT,44R 45T,B*37:01,,,,,
69TNT,69T 70N 71T,B*37:01,,,,,
80TLR,80T 82L 83R,B*37:01,,,,,
82LR,82L 83R,B*37:01,,,,,
131S,131S,B*37:01,,,,,
156DA,156D 158A,B*37:01,,,,,
69TNT,69T 70N 71T,B*38:01,,,,,
80I,80I,B*38:01,,,,,
82LR,82L 83R,B*38:01,,,,,
131S,131S,B*38:01,,,,,
158T,158T,B*38:01,,,,,
69TNT,69T 70N 71T,B*39:01,,,,,
71TTS,71T 73T 77S,B*39:01,,,,,
76ESN,76E 77S 80N,B*39:01,,,,,
80N,80N,B*39:01,,,,,
131S,131S,B*39:01,,,,,
158T,158T,B*39:01,,,,,
41T,41T,B*40:01,,9,,,
45KE,45K 46E,B*40:01,,,,,
69TNT,69T 70N 71T,B*40:01,,,,,
71TTS,71T 73T 77S,B*40:01,,,,,
76ESN,76E 77S 80N,B*40:01,,,,,
80N,80N,B*40:01,,,,,
143S,143S,B*40:01,,,,,
163EW,163E 167W,B*40:01,,,,,
180E,180E,B*40:01,,,,,
41T,41T,B*40:02,,,,,
45KE,45K 46E,B*40:02,,,,,
69TNT,69T 70N 71T,B*40:02,,,,,
71TTS,71T 73T 77S,B*40:02,,,,,
76ESN,76E 77S 80N,B*40:02,,,,,
80N,80N,B*40:02,,,,,
163EW,163E 167W,B*40:02,,,,,
41T,41T,B*40:06,,,,,
45KE,45K 46E,B*40:06,,,,,
69TNT,69T 70N 71T,B*40:06,,,,,
71TTS,71T 73T 77S,B*40:06,,,,,
76ESN,76E 77S 80N,B*40:06,,,,,
80N,80N,B*40:06,,,,,
163EW,163E 167W,B*40:06,,,,,
41T,41T,B*41:01,,8,,,
45KE,45K 46E,B*41:01,,,,,
69TNT,69T 70N 71T,B*41:01,,,,,
71TTS,71T 73T 77S,B*41:01,,,,,
76ESN,76E 77S 80N,B*41:01,,,,,
80N,80N,B*41:01,,,,,
156DA,156D 158A,B*41:01,,,,,
180E,180E,B*41:01,,,,,
41T,41T,B*41:03,,8,,,
45KE,45K 46E,B*41:03,,,,,
69TNT,69T 70N 71T,B*41:03,,,,,
71TTS,71T 73T 77S,B*41:03,,,,,
76ESN,76E 77S 80N,B*41:03,,,,,
80N,80N,B*41:03,,,,,
156DA,156D 158A,B*41:03,,,,,
180E,180E,B*41:03,,,,,
41T,41T,B*41:04,,8,,,
45KE,45K 46E,B*41:04,,,,,
69TNT,69T 70N 71T,B*41:04,,,,,
71TTS,71T 73T 77S,B*41:04,,,,,
76ESN,76E 77S 80N,B*41:04,,,,,
80N,80N,B*41:04,,,,,
156DA,156D 158A,B*41:04,,,,,
180E,180E,B*41:04,,,,,
65QIA,65Q 66I 69A,B*42:01,,,,,
69AA,69A 71A,B*42:01,,,,,
70IAQ,66I 69A 70Q,B*42:01,,,,,
76ESN,76E 77S 80N,B*42:01,,,,,
80N,80N,B*42:01,,,,,
156DA,156D 158A,B*42:01,,,,,
180E,180E,B*42:01,,,,,
65QIA,65Q 66I 69A,B*42:02,,,,,
69AA,69A 71A,B*42:02,,,,,
70IAQ,66I 69A 70Q,B*42:02,,,,,
76ESN,76E 77S 80N,B*42:02,,,,,
80N,80N,B*42:02,,,,,
156DA,156D 158A,B*42:02,,,,,
180E,180E,B*42:02,,,,,
41T,41T,B*44:02,,8,,,
45KE,45K 46E,B*44:02,,,,,
69TNT,69T 70N 71T,B*44:02,,,,,
80TLR,80T 82L 83R,B*44:02,,,,,
82LR,82L 83R,B*44:02,,,,,
131S,131S,B*44:02,,,,,
156DA,156D 158A,B*44:02,,,,,
163LS/G,163L 167G/S,B*44:02,,,,,
41T,41T,B*44:03,,,,,
45KE,45K 46E,B*44:03,,,,,
69TNT,69T 70N 71T,B*44:03,,,,,
80TLR,80T 82L 83R,B*44:03,,,,,
82LR,82L 83R,B*44:03,,,,,
131S,131S,B*44:03,,,,,
163LS/G,163L 167G/S,B*44:03,,,,,
41T,41T,B*44:05,,8,,,
45KE,45K 46E,B*44:05,,,,,
69TNT,69T 70N 71T,B*44:05,,,,,
80TLR,80T 82L 83R,B*44:05,,,,,
82LR,82L 83R,B*44:05,,,,,
131S,131S,B*44:05,,,,,
156DA,156D 158A,B*44:05,,,,,
163LS/G,163L 167G/S,B*44:05,,,,,
41T,41T,B*45:01,,9,,,
45KE,45K 46E,B*45:01,,,,,
69TNT,69T 70N 71T,B*45:01,,,,,
71TTS,71T 73T 77S,B*45:01,,,,,
76ESN,76E 77S 80N,B*45:01,,,,,
80N,80N,B*45:01,,,,,
131S,131S,B*45:01,,,,,
156DA,156D 158A,B*45:01,,,,,
163LS/G,163L 167G/S,B*45:01,,,,,
44RMA,44R 45M 46A,B*46:01,,,,,
65QKR,65Q 66K 69R,B*46:01,,,,,
73TVS,73T 76V 77S,B*46:01,,,,,
76VRN,76V 79R 80N,B*46:01,,,,,
80N,80N,B*46:01,,,,,
131S,131S,B*46:01,,,,,
163LW,163L 167W,B*46:01,,,,,
41T,41T,B*47:01,,,,,
45KE,45K 46E,B*47:01,,,,,
69TNT,69T 70N 71T,B*47:01,,,,,
80TLR,80T 82L 83R,B*47:01,,,,,
82LR,82L 83R,B*47:01,,,,,
131S,131S,B*47:01,,,,,
163EW,163E 167W,B*47:01,,,,,
69TNT,69T 70N 71T,B*48:01,,,,,
71TTS,71T 73T 77S,B*48:01,,,,,
76ESN,76E 77S 80N,B*48:01,,,,,
80N,80N,B*48:01,,,,,
143S,143S,B*48:01,,,,,
163EW,163E 167W,B*48:01,,,,,
180E,180E,B*48:01,,,,,
41T,41T,B*49:01,,,,,
45KE,45K 46E,B*49:01,,,,,
69TNT,69T 70N 71T,B*49:01,,,,,
80I,80I,B*49:01,,,,,
82LR,82L 83R,B*49:01,,,,,
131S,131S,B*49:01,,,,,
163LW,163L 167W,B*49:01,,,,,
41T,41T,B*50:01,,8,,,
45KE,45K 46E,B*50:01,,,,,
69TNT,69T 70N 71T,B*50:01,,,,,
71TTS,71T 73T 77S,B*50:01,,,,,
76ESN,76E 77S 80N,B*50:01,,,,,
80N,80N,B*50:01,,,,,
131S,131S,B*50:01,,,,,
163LW,163L 167W,B*50:01,,,,,
44RT,44R 45T,B*51:01,,,,,
69TNT,69T 70N 71T,B*51:01,,,,,
80I,80I,B*51:01,,,,,
82LR,82L 83R,B*51:01,,,,,
131S,131S,B*51:01,,,,,
163LW,163L 167W,B*51:01,,,,,
193PV,193P 194V,B*51:01,,,,,
44RT,44R 45T,B*51:02,,,,,
69TNT,69T 70N 71T,B*51:02,,,,,
80I,80I,B*51:02,,,,,
82LR,82L 83R,B*51:02,,,,,
131S,131S,B*51:02,,,,,
163LW,163L 167W,B*51:02,,,,,
193PV,193P 194V,B*51:02,,,,,
44RT,44R 45T,B*52:01,,,,,
69TNT,69T 70N 71T,B*52:01,,,,,
80I,80I,B*52:01,,,,,
82LR,82L 83R,B*52:01,,,,,
131S,131S,B*52:01,,,,,
163LW,163L 167W,B*52:01,,,,,
193PV,193P 194V,B*52:01,,,,,
44RT,44R 45T,B*53:01,,,,,
69TNT,69T 70N 71T,B*53:01,,,,,
80I,80I,B*53:01,,,,,
82LR,82L 83R,B*53:01,,,,,
131S,131S,B*53:01,,,,,
163LW,163L 167W,B*53:01,,,,,
193PV,193P 194V,B*53:01,,,,,
65QIA,65Q 66I 69A,B*54:01,,,,,
69AA,69A 71A,B*54:01,,,,,
70IAQ,66I 69A 70Q,B*54:01,,,,,
76ESN,76E 77S 80N,B*54:01,,,,,
80N,80N,B*54:01,,,,,
131S,131S,B*54:01,,,,,
65QIA,65Q 66I 69A,B*55:01,,,,,
69AA,69A 71A,B*55:01,,,,,
70IAQ,66I 69A 70Q,B*55:01,,,,,
76ESN,76E 77S 80N,B*55:01,,,,,
80N,80N,B*55:01,,,,,
131S,131S,B*55:01,,,,,
65QIA,65Q 66I 69A,B*56:01,,,,,
69AA,69A 71A,B*56:01,,,,,
70IAQ,66I 69A 70Q,B*56:01,,,,,
76ESN,76E 77S 80N,B*56:01,,,,,
80N,80N,B*56:01,,,,,
131S,131S,B*56:01,,,,,
163LW,163L 167W,B*56:01,,,,,
44RMA,44R 45M 46A,B*57:01,,10,,,
62GE,62G 63E,B*57:01,,,,,
62GRN,62G 65R 66N,B*57:01,,,,,
65RNA,65R 66N 69A,B*57:01,,,,,
69AA,69A 71A,B*57:01,,,,,
71SA,70S 71A,B*57:01,,,,,
80I,80I,B*57:01,,,,,
82LR,82L 83R,B*57:01,,,,,
131S,131S,B*57:01,,,,,
163LW,163L 167W,B*57:01,,,,,
44RMA,44R 45M 46A,B*57:03,,10,,,
62GE,62G 63E,B*57:03,,,,,
62GRN,62G 65R 66N,B*57:03,,,,,
65RNA,65R 66N 69A,B*57:03,,,,,
69AA,69A 71A,B*57:03,,,,,
71SA,70S 71A,B*57:03,,,,,
80I,80I,B*57:03,,,,,
82LR,82L 83R,B*57:03,,,,,
131S,131S,B*57:03,,,,,
163LW,163L 167W,B*57:03,,,,,
44RT,44R 45T,B*58:01,,10,,,
62GE,62G 63E,B*58:01,,,,,
62GRN,62G 65R 66N,B*58:01,,,,,
65RNA,65R 66N 69A,B*58:01,,,,,
69AA,69A 71A,B*58:01,,,,,
71SA,70S 71A,B*58:01,,,,,
80I,80I,B*58:01,,,,,
82LR,82L 83R,B*58:01,,,,,
131S,131S,B*58:01,,,,,
163LW,163L 167W,B*58:01,,,,,
193PV,193P 194V,B*58:01,,,,,
69TNT,69T 70N 71T,B*59:01,,,,,
80I,80I,B*59:01,,,,,
82LR,82L 83R,B*59:01,,,,,
131S,131S,B*59:01,,,,,
65QIA,65Q 66I 69A,B*67:01,,,,,
69AA,69A 71A,B*67:01,,,,,
70IAQ,66I 69A 70Q,B*67:01,,,,,
76ESN,76E 77S 80N,B*67:01,,,,,
80N,80N,B*67:01,,,,,
131S,131S,B*67:01,,,,,
158T,158T,B*67:01,,,,,
65QIA,65Q 66I 69A,B*73:01,,,,,
69AA,69A 71A,B*73:01,,,,,
76VRN,76V 79R 80N,B*73:01,,,,,
80N,80N,B*73:01,,,,,
90D,90D,B*73:01,,,,,
163EW,163E 167W,B*73:01,,,,,
253Q,253Q,B*73:01,,,,,
267QE,267Q 268E,B*73:01,,,,,
44RT,44R 45T,B*78:01,,,,,
69TNT,69T 70N 71T,B*78:01,,,,,
71TTS,71T 73T 77S,B*78:01,,,,,
76ESN,76E 77S 80N,B*78:01,,,,,
80N,80N,B*78:01,,,,,
131S,131S,B*78:01,,,,,
163LW,163L 167W,B*78:01,,,,,
193PV,193P 194V,B*78:01,,,,,
65QIA,65Q 66I 69A,B*81:01,,8,,,
69AA,69A 71A,B*81:01,,,,,
70IAQ,66I 69A 70Q,B*81:01,,,,,
76ESN,76E 77S 80N,B*81:01,,,,,
80N,80N,B*81:01,,,,,
143S,143S,B*81:01,,,,,
163EW,163E 167W,B*81:01,,,,,
180E,180E,B*81:01,,,,,
65QIA,65Q 66I 69A,B*82:01,,8,,,
69AA,69A 71A,B*82:01,,,,,
70IAQ,66I 69A 70Q,B*82:01,,,,,
76ESN,76E 77S 80N,B*82:01,,,,,
80N,80N,B*82:01,,,,,
131S,131S,B*82:01,,,,,
156DA,156D 158A,B*82:01,,,,,
163LS/G,163L 167G/S,B*82:01,,,,,
65QKR,65Q 66K 69R,C*01:02,,,,,
73TVS,73T 76V 77S,C*01:02,,,,,
76VRN,76V 79R 80N,C*01:02,,,,,
80N,80N,C*01:02,,,,,
193PV,193P 194V,C*01:02,,,,,
219W,219W,C*01:02,,,,,
248M,248M (6K) (99C),C*01:02,,,,,
21H,21H,C*02:02,,,,,
65QKR,65Q 66K 69R,C*02:02,,,,,
80K,80K,C*02:02,,,,,
163EW,163E 167W,C*02:02,,,,,
193PV,193P 194V,C*02:02,,,,,
21H,21H,C*03:02,,,,,
65QKR,65Q 66K 69R,C*03:02,,,,,
73TVS,73T 76V 77S,C*03:02,,,,,
76VRN,76V 79R 80N,C*03:02,,,,,
80N,80N,C*03:02,,,,,
163LW,163L 167W,C*03:02,,,,,
173K,173K,C*03:02,,,,,
193PV,193P 194V,C*03:02,,,,,
219W,219W,C*03:02,,,,,
21H,21H,C*03:03,,,,,
65QKR,65Q 66K 69R,C*03:03,,,,,
73TVS,73T 76V 77S,C*03:03,,,,,
76VRN,76V 79R 80N,C*03:03,,,,,
80N,80N,C*03:03,,,,,
163LW,163L 167W,C*03:03,,,,,
173K,173K,C*03:03,,,,,
193PV,193P 194V,C*03:03,,,,,
219W,219W,C*03:03,,,,,
21H,21H,C*03:04,,,,,
65QKR,65Q 66K 69R,C*03:04,,,,,
73TVS,73T 76V 77S,C*03:04,,,,,
76VRN,76V 79R 80N,C*03:04,,,,,
80N,80N,C*03:04,,,,,
163LW,163L 167W,C*03:04,,,,,
173K,173K,C*03:04,,,,,
193PV,193P 194V,C*03:04,,,,,
219W,219W,C*03:04,,,,,
65QKR,65Q 66K 69R,C*04:01,,,,,
73AN,73A 77N,C*04:01,,,,,
80K,80K,C*04:01,,,,,
90D,90D,C*04:01,,,,,
193PV,193P 194V,C*04:01,,,,,
219W,219W,C*04:01,,,,,
65QKR,65Q 66K 69R,C*05:01,,,,,
80K,80K,C*05:01,,,,,
138K,138K,C*05:01,,,,,
177KT,177K 178T,C*05:01,,,,,
193PV,193P 194V,C*05:01,,,,,
65QKR,65Q 66K 69R,C*06:02,,,,,
73AN,73A 77N,C*06:02,,,,,
80K,80K,C*06:02,,,,,
90D,90D,C*06:02,,,,,
193PV,193P 194V,C*06:02,,,,,
65QKR,65Q 66K 69R,C*07:02,,,,,
76VRN,76V 79R 80N,C*07:02,,,,,
80N,80N,C*07:02,,,,,
90D,90D,C*07:02,,,,,
193PL,193P 194L (273S),C*07:02,,,,,
253Q,253Q,C*07:02,,,,,
267QE,267Q 268E,C*07:02,,,,,
65QKR,65Q 66K 69R,C*08:01,,,,,
73TVS,73T 76V 77S,C*08:01,,,,,
76VRN,76V 79R 80N,C*08:01,,,,,
80N,80N,C*08:01,,,,,
177KT,177K 178T,C*08:01,,,,,
193PV,193P 194V,C*08:01,,,,,
65QKR,65Q 66K 69R,C*08:02,,,,,
73TVS,73T 76V 77S,C*08:02,,,,,
76VRN,76V 79R 80N,C*08:02,,,,,
80N,80N,C*08:02,,,,,
138K,138K,C*08:02,,,,,
177KT,177K 178T,C*08:02,,,,,
193PV,193P 194V,C*08:02,,,,,
65QKR,65Q 66K 69R,C*12:03,,,,,
76VRN,76V 79R 80N,C*12:03,,,,,
80N,80N,C*12:03,,,,,
193PV,193P 194V,C*12:03,,,,,
65QKR,65Q 66K 69R,C*14:02,,,,,
73TVS,73T 76V 77S,C*14:02,,,,,
76VRN,76V 79R 80N,C*14:02,,,,,
80N,80N,C*14:02,,,,,
193PV,193P 194V,C*14:02,,,,,
219W,219W,C*14:02,,,,,
21H,21H,C*15:02,,,,,
80K,80K,C*15:02,,,,,
193PV,193P 194V,C*15:02,,,,,
65QKR,65Q 66K 69R,C*16:01,,,,,
73TVS,73T 76V 77S,C*16:01,,,,,
76VRN,76V 79R 80N,C*16:01,,,,,
80N,80N,C*16:01,,,,,
65QKR,65Q 66K 69R,C*17:01,,,,,
73AN,73A 77N,C*17:01,,,,,
80K,80K,C*17:01,,,,,
143S,143S,C*17:01,,,,,
163EW,163E 167W,C*17:01,,,,,
193PV,193P 194V,C*17:01,,,,,
253Q,253Q,C*17:01,,,,,
267QE,267Q 268E,C*17:01,,,,,
65QKR,65Q 66K 69R,C*18:02,,,,,
73AN,73A 77N,C*18:02,,,,,
80K,80K,C*18:02,,,,,
90D,90D,C*18:02,,,,,
193PV,193P 194V,C*18:02,,,,,
219W,219W,C*18:02,,,,,
50Q,50Q,DPA1*01:03,,,,,
50Q,50Q,DPA1*01:04,,,,,
50Q,50Q,DPA1*01:05,,,,,
50R,50R,DPA1*02:01,,,,,
50R,50R,DPA1*02:02,,,,,
50Q,50Q,DPA1*03:01,,,,,
50R,50R,DPA1*04:01,,,,,
56A,56A,DPB1*01:01,,,,,
84DEAV,84D 85E 86A 87V,DPB1*01:01,,,,,
96K,96K 170I,DPB1*01:01,,,,,
35FV,35F 36V,DPB1*02:01,,,,,
56E,55D 56E,DPB1*02:01,,,,,
56EE,55D 56E 57E,DPB1*02:01,,,,,
69E,69E,DPB1*02:01,,,,,
85GPM,85G 86P 87M,DPB1*02:01,,,,,
rp58E,57D 58E,DPB1*02:01,,,,,
rp58EE,57D 58E 59E,DPB1*02:01,,,,,
rp67IE,67I 71E,DPB1*02:01,,,,,
35FV,35F 36V,DPB1*03:01,,,,,
56E,55D 56E,DPB1*03:01,,,,,
57D,55D 56E 57D,DPB1*03:01,,,,,
84DEAV,84D 85E 86A 87V,DPB1*03:01,,,,,
96K,96K 170I,DPB1*03:01,,,,,
rp58E,57D 58E,DPB1*03:01,,,,,
56A,56A,DPB1*04:01,,,,,
85GPM,85G 86P 87M,DPB1*04:01,,,,,
35FV,35F 36V,DPB1*04:02,,,,,
56E,55D 56E,DPB1*04:02,,,,,
56EE,55D 56E 57E,DPB1*04:02,,,,,
85GPM,85G 86P 87M,DPB1*04:02,,,,,
rp58E,57D 58E,DPB1*04:02,,,,,
rp58EE,57D 58E 59E,DPB1*04:02,,,,,
56A,56A,DPB1*05:01,,,,,
84DEAV,84D 85E 86A 87V,DPB1*05:01,,,,,
96K,96K 170I,DPB1*05:01,,,,,
35FV,35F 36V,DPB1*06:01,,,,,
56E,55D 56E,DPB1*06:01,,,,,
57D,55D 56E 57D,DPB1*06:01,,,,,
69E,69E,DPB1*06:01,,,,,
84DEAV,84D 85E 86A 87V,DPB1*06:01,,,,,
96K,96K 170I,DPB1*06:01,,,,,
rp58E,57D 58E,DPB1*06:01,,,,,
35FV,35F 36V,DPB1*09:01,,,,,
56E,55D 56E,DPB1*09:01,,,,,
57D,55D 56E 57D,DPB1*09:01,,,,,
69E,69E,DPB1*09:01,,,,,
84DEAV,84D 85E 86A 87V,DPB1*09:01,,,,,
96K,96K 170I,DPB1*09:01,,,,,
rp58E,57D 58E,DPB1*09:01,,,,,
rp67IE,67I 71E,DPB1*09:01,,,,,
35FV,35F 36V,DPB1*10:01,,,,,
56E,55D 56E,DPB1*10:01,,,,,
56EE,55D 56E 57E,DPB1*10:01,,,,,
69E,69E,DPB1*10:01,,,,,
84DEAV,84D 85E 86A 87V,DPB1*10:01,,,,,
96K,96K 170I,DPB1*10:01,,,,,
rp58E,57D 58E,DPB1*10:01,,,,,
rp58EE,57D 58E 59E,DPB1*10:01,,,,,
rp67IE,67I 71E,DPB1*10:01,,,,,
35FV,35F 36V,DPB1*105:01,,,,,
56E,55D 56E,DPB1*105:01,,,,,
56EE,55D 56E 57E,DPB1*105:01,,,,,
85GPM,85G 86P 87M,DPB1*105:01,,,,,
56A,56A,DPB1*11:01,,,,,
84DEAV,84D 85E 86A 87V,DPB1*11:01,,,,,
96K,96K 170I,DPB1*11:01,,,,,
56A,56A,DPB1*13:01,,,,,
69E,69E,DPB1*13:01,,,,,
84DEAV,84D 85E 86A 87V,DPB1*13:01,,,,,
96K,96K 170I,DPB1*13:01,,,,,
rp67IE,67I 71E,DPB1*13:01,,,,,
35FV,35F 36V,DPB1*14:01,,,,,
56E,55D 56E,DPB1*14:01,,,,,
57D,55D 56E 57D,DPB1*14:01,,,,,
84DEAV,84D 85E 86A 87V,DPB1*14:01,,,,,
96K,96K 170I,DPB1*14:01,,,,,
rp58E,57D 58E,DPB1*14:01,,,,,
56A,56A,DPB1*15:01,,,,,
85GPM,85G 86P 87M,DPB1*15:01,,,,,
96K,96K 170I,DPB1*15:01,,,,,
35FV,35F 36V,DPB1*17:01,,,,,
56E,55D 56E,DPB1*17:01,,,,,
57D,55D 56E 57D,DPB1*17:01,,,,,
69E,69E,DPB1*17:01,,,,,
84DEAV,84D 85E 86A 87V,DPB1*17:01,,,,,
rp58E,57D 58E,DPB1*17:01,,,,,
rp67IE,67I 71E,DPB1*17:01,,,,,
35FV,35F 36V,DPB1*18:01,,,,,
56E,55D 56E,DPB1*18:01,,,,,
56EE,55D 56E 57E,DPB1*18:01,,,,,
85GPM,85G 86P 87M,DPB1*18:01,,,,,
96K,96K 170I,DPB1*18:01,,,,,
rp58E,57D 58E,DPB1*18:01,,,,,
rp58EE,57D 58E 59E,DPB1*18:01,,,,,
35FV,35F 36V,DPB1*19:01,,,,,
56A,56A,DPB1*19:01,,,,,
69E,69E,DPB1*19:01,,,,,
84DEAV,84D 85E 86A 87V,DPB1*19:01,,,,,
96K,96K 170I,DPB1*19:01,,,,,
rp67IE,67I 71E,DPB1*19:01,,,,,
35FV,35F 36V,DPB1*20:01,,,,,
56E,55D 56E,DPB1*20:01,,,,,
57D,55D 56E 57D,DPB1*20:01,,,,,
84DEAV,84D 85E 86A 87V,DPB1*20:01,,,,,
96K,96K 170I,DPB1*20:01,,,,,
rp58E,57D 58E,DPB1*20:01,,,,,
35FV,35F 36V,DPB1*23:01,,,,,
56A,56A,DPB1*23:01,,,,,
85GPM,85G 86P 87M,DPB1*23:01,,,,,
56E,55D 56E,DPB1*28:01,,,,,
56EE,55D 56E 57E,DPB1*28:01,,,,,
85GPM,85G 86P 87M,DPB1*28:01,,,,,
rp58E,57D 58E,DPB1*28:01,,,,,
rp58EE,57D 58E 59E,DPB1*28:01,,,,,
2D,2D 199A,DQA1*01:01,,,,,
40E,40E,DQA1*01:01,,,,,
52SK,52S 53K 11C 18F 45A 64R 66M 69A 80Y,DQA1*01:01,,,,,
2D,2D 199A,DQA1*01:02,,,,,
40E,40E,DQA1*01:02,,,,,
52SK,52S 53K 11C 18F 45A 64R 66M 69A 80Y,DQA1*01:02,,,,,
2D,2D 199A,DQA1*01:03,,,,,
40E,40E,DQA1*01:03,,,,,
52SK,52S 53K 11C 18F 45A 64R 66M 69A 80Y,DQA1*01:03,,,,,
2D,2D 199A,DQA1*02:01,,,,,
40E,40E,DQA1*02:01,,,,,
47KHL,47K 52H 54L,DQA1*02:01,,,,,
60FT,60F 63T 55R,DQA1*02:01,,,,,
2D,2D 199A,DQA1*03:01,,,,,
40E,40E,DQA1*03:01,,,,,
61FT,61F 64T 55R,DQA1*03:01,,,,,
76V,76V 26S 47Q 187T,DQA1*03:01,,,,,
2D,2D 199A,DQA1*03:02,,,,,
40E,40E,DQA1*03:02,,,,,
61FT,61F 64T 55R,DQA1*03:02,,,,,
76V,76V 26S 47Q 187T,DQA1*03:02,,,,,
2D,2D 199A,DQA1*03:03,,,,,
40E,40E,DQA1*03:03,,,,,
61FT,61F 64T 55R,DQA1*03:03,,,,,
76V,76V 26S 47Q 187T,DQA1*03:03,,,,,
2D,2D 199A,DQA1*04:01,,,,,
40GR,40G 47C 50V 51L,DQA1*04:01,,,,,
60FT,60F 63T 55R,DQA1*04:01,,,,,
2D,2D 199A,DQA1*05:01,,,,,
40GR,40G 47C 50V 51L,DQA1*05:01,,,,,
60FT,60F 63T 55R,DQA1*05:01,,,,,
74S,74S 155L 160E 174K,DQA1*05:01,,,,,
2D,2D 199A,DQA1*05:03,,,,,
40GR,40G 47C 50V 51L,DQA1*05:03,,,,,
60FT,60F 63T 55R,DQA1*05:03,,,,,
74S,74S 155L 160E 174K,DQA1*05:03,,,,,
2D,2D 199A,DQA1*05:05,,,,,
40GR,40G 47C 50V 51L,DQA1*05:05,,,,,
60FT,60F 63T 55R,DQA1*05:05,,,,,
74S,74S 155L 160E 174K,DQA1*05:05,,,,,
2D,2D 199A,DQA1*05:08,,,,,
40GR,40G 47C 50V 51L,DQA1*05:08,,,,,
60FT,60F 63T 55R,DQA1*05:08,,,,,
74S,74S 155L 160E 174K,DQA1*05:08,,,,,
2D,2D 199A,DQA1*06:01,,,,,
40GR,40G 47C 50V 51L,DQA1*06:01,,,,,
60FT,60F 63T 55R,DQA1*06:01,,,,,
52LL,52L 55L 28S 30S 37I,DQB1*02:01,,,,,
77R,75V 77R,DQB1*02:01,,,,,
84QL,84Q 86E 87L 89T 90T 125A,DQB1*02:01,,,,,
182S,182S,DQB1*02:01,,,,,
rq70RK/R,70R 71K/R,DQB1*02:01,,,,,
52LL,52L 55L 28S 30S 37I,DQB1*02:02,,,,,
77R,75V 77R,DQB1*02:02,,,,,
84QL,84Q 86E 87L 89T 90T 125A,DQB1*02:02,,,,,
182S,182S,DQB1*02:02,,,,,
rq70RK/R,70R 71K/R,DQB1*02:02,,,,,
45EV,45E 46V 47Y,DQB1*03:01,,,,,
46VY,46V 52P 28T,DQB1*03:01,,,,,
55PP,55P 56P,DQB1*03:01,,,,,
77T,77T,DQB1*03:01,,,,,
84QL,84Q 86E 87L 89T 90T 125A,DQB1*03:01,,,,,
182N,182N,DQB1*03:01,,,,,
45GV,45G 46V,DQB1*03:02,,,,,
46VY,46V 52P 28T,DQB1*03:02,,,,,
55PP,55P 56P,DQB1*03:02,,,,,
77T,77T,DQB1*03:02,,,,,
84QL,84Q 86E 87L 89T 90T 125A,DQB1*03:02,,,,,
182N,182N,DQB1*03:02,,,,,
45GV,45G 46V,DQB1*03:03,,,,,
46VY,46V 52P 28T,DQB1*03:03,,,,,
55PP,55P 56P,DQB1*03:03,,,,,
77T,77T,DQB1*03:03,,,,,
84QL,84Q 86E 87L 89T 90T 125A,DQB1*03:03,,,,,
182N,182N,DQB1*03:03,,,,,
45GV,45G 46V,DQB1*04:01,,,,,
46VY,46V 52P 28T,DQB1*04:01,,,,,
55R,55R,DQB1*04:01,,,,,
56L,56L 71D,DQB1*04:01,,,,,
74S,74S 26G,DQB1*04:01,,,,,
77T,77T,DQB1*04:01,,,,,
84QL,84Q 86E 87L 89T 90T 125A,DQB1*04:01,,,,,
182N,182N,DQB1*04:01,,,,,
rq75VT,75V 77T,DQB1*04:01,,,,,
45GV,45G 46V,DQB1*04:02,,,,,
46VY,46V 52P 28T,DQB1*04:02,,,,,
55R,55R,DQB1*04:02,,,,,
56L,56L 71D,DQB1*04:02,,,,,
74S,74S 26G,DQB1*04:02,,,,,
77T,77T,DQB1*04:02,,,,,
84QL,84Q 86E 87L 89T 90T 125A,DQB1*04:02,,,,,
182N,182N,DQB1*04:02,,,,,
rq75VT,75V 77T,DQB1*04:02,,,,,
45GV,45G 46V,DQB1*05:01,,,,,
46VY,46V 52P 28T,DQB1*05:01,,,,,
52PQ,53Q 89G 90I,DQB1*05:01,,,,,
55R,55R,DQB1*05:01,,,,,
57V,57V,DQB1*05:01,,,,,
74S,74S 26G,DQB1*05:01,,,,,
77R,75V 77R,DQB1*05:01,,,,,
87Y,87Y,DQB1*05:01,,,,,
116I,116I 125S,DQB1*05:01,,,,,
125SQ,125S 126Q,DQB1*05:01,,,,,
182S,182S,DQB1*05:01,,,,,
45GV,45G 46V,DQB1*05:02,,,,,
46VY,46V 52P 28T,DQB1*05:02,,,,,
52PQ,53Q 89G 90I,DQB1*05:02,,,,,
55R,55R,DQB1*05:02,,,,,
74S,74S 26G,DQB1*05:02,,,,,
77R,75V 77R,DQB1*05:02,,,,,
87Y,87Y,DQB1*05:02,,,,,
116I,116I 125S,DQB1*05:02,,,,,
182S,182S,DQB1*05:02,,,,,
45GV,45G 46V,DQB1*06:01,,,,,
46VY,46V 52P 28T,DQB1*06:01,,,,,
52PQ,53Q 89G 90I,DQB1*06:01,,,,,
55R,55R,DQB1*06:01,,,,,
77T,77T,DQB1*06:01,,,,,
87F,87F,DQB1*06:01,,,,,
182S,182S,DQB1*06:01,,,,,
45GV,45G 46V,DQB1*06:02,,,,,
46VY,46V 52P 28T,DQB1*06:02,,,,,
52PQ,53Q 89G 90I,DQB1*06:02,,,,,
55R,55R,DQB1*06:02,,,,,
77T,77T,DQB1*06:02,,,,,
87F,87F,DQB1*06:02,,,,,
182S,182S,DQB1*06:02,,,,,
45GV,45G 46V,DQB1*06:03,,,,,
46VY,46V 52P 28T,DQB1*06:03,,,,,
52PQ,53Q 89G 90I,DQB1*06:03,,,,,
55R,55R,DQB1*06:03,,,,,
77T,77T,DQB1*06:03,,,,,
87F,87F,DQB1*06:03,,,,,
182S,182S,DQB1*06:03,,,,,
45GV,45G 46V,DQB1*06:04,,,,,
46VY,46V 52P 28T,DQB1*06:04,,,,,
52PQ,53Q 89G 90I,DQB1*06:04,,,,,
55R,55R,DQB1*06:04,,,,,
57V,57V,DQB1*06:04,,,,,
77T,77T,DQB1*06:04,,,,,
87Y,87Y,DQB1*06:04,,,,,
182S,182S,DQB1*06:04,,,,,
45GV,45G 46V,DQB1*06:09,,,,,
46VY,46V 52P 28T,DQB1*06:09,,,,,
52PQ,53Q 89G 90I,DQB1*06:09,,,,,
55R,55R,DQB1*06:09,,,,,
57V,57V,DQB1*06:09,,,,,
77T,77T,DQB1*06:09,,,,,
87Y,87Y,DQB1*06:09,,,,,
182S,182S,DQB1*06:09,,,,,
4R,4R,DRB1*01:01,,,,,
13FE,13F 14E,DRB1*01:01,,,,,
25R,25R,DRB1*01:01,,,,,
30C,30C,DRB1*01:01,,,,,
67LQ,67L 70Q,DRB1*01:01,,,,,
70QT,70Q 77T,DRB1*01:01,,,,,
73A,73A 77T,DRB1*01:01,,,,,
77T,77T,DRB1*01:01,,,,,
96EV,96E 98K 180V,DRB1*01:01,,,,,
rq75VT,75V 77T,DRB1*01:01,,,,,
4R,4R,DRB1*01:02,,,,,
13FE,13F 14E,DRB1*01:02,,,,,
25R,25R,DRB1*01:02,,,,,
30C,30C,DRB1*01:02,,,,,
67LQ,67L 70Q,DRB1*01:02,,,,,
70QT,70Q 77T,DRB1*01:02,,,,,
73A,73A 77T,DRB1*01:02,,,,,
77T,77T,DRB1*01:02,,,,,
96EV,96E 98K 180V,DRB1*01:02,,,,,
rq75VT,75V 77T,DRB1*01:02,,,,,
4R,4R,DRB1*01:03,,,,,
13FE,13F 14E,DRB1*01:03,,,,,
25R,25R,DRB1*01:03,,,,,
30C,30C,DRB1*01:03,,,,,
70D,70D,DRB1*01:03,,,,,
70DA,70D 73A,DRB1*01:03,,,,,
73A,73A 77T,DRB1*01:03,,,,,
77T,77T,DRB1*01:03,,,,,
96EV,96E 98K 180V,DRB1*01:03,,,,,
rp67IE,67I 71E,DRB1*01:03,,,,,
rq75VT,75V 77T,DRB1*01:03,,,,,
4R,4R,DRB1*03:01,,,,,
11STS,9E 10Y 11S 12T 13S,DRB1*03:01,,,,,
25R,25R,DRB1*03:01,,,,,
47F,47F 48R,DRB1*03:01,,,,,
67LQ,67L 70Q,DRB1*03:01,,,,,
74R,70Q 73G 74R,DRB1*03:01,,,,,
77N,73G 77N 78Y,DRB1*03:01,,,,,
96HK,96H 98K 120S,DRB1*03:01,,,,,
4R,4R,DRB1*03:02,,,,,
11STS,9E 10Y 11S 12T 13S,DRB1*03:02,,,,,
25R,25R,DRB1*03:02,,,,,
67LQ,67L 70Q,DRB1*03:02,,,,,
74R,70Q 73G 74R,DRB1*03:02,,,,,
77N,73G 77N 78Y,DRB1*03:02,,,,,
96HK,96H 98K 120S,DRB1*03:02,,,,,
4R,4R,DRB1*04:01,,,,,
25R,25R,DRB1*04:01,,,,,
37YV,37Y 38V,DRB1*04:01,,,,,
67LQ,67L 70Q,DRB1*04:01,,,,,
70QT,70Q 77T,DRB1*04:01,,,,,
73A,73A 77T,DRB1*04:01,,,,,
77T,77T,DRB1*04:01,,,,,
96Y,96Y,DRB1*04:01,,,,,
98E,98E,DRB1*04:01,,,,,
104A,104A,DRB1*04:01,,,,,
rq75VT,75V 77T,DRB1*04:01,,,,,
4R,4R,DRB1*04:02,,,,,
25R,25R,DRB1*04:02,,,,,
37YV,37Y 38V,DRB1*04:02,,,,,
70D,70D,DRB1*04:02,,,,,
70DA,70D 73A,DRB1*04:02,,,,,
73A,73A 77T,DRB1*04:02,,,,,
77T,77T,DRB1*04:02,,,,,
96Y,96Y,DRB1*04:02,,,,,
98E,98E,DRB1*04:02,,,,,
104A,104A,DRB1*04:02,,,,,
rp67IE,67I 71E,DRB1*04:02,,,,,
rq75VT,75V 77T,DRB1*04:02,,,,,
4R,4R,DRB1*04:03,,,,,
25R,25R,DRB1*04:03,,,,,
37YV,37Y 38V,DRB1*04:03,,,,,
67LQ,67L 70Q,DRB1*04:03,,,,,
70QT,70Q 77T,DRB1*04:03,,,,,
73A,73A 77T,DRB1*04:03,,,,,
77T,77T,DRB1*04:03,,,,,
96Y,96Y,DRB1*04:03,,,,,
98E,98E,DRB1*04:03,,,,,
104A,104A,DRB1*04:03,,,,,
rq75VT,75V 77T,DRB1*04:03,,,,,
4R,4R,DRB1*04:04,,,,,
25R,25R,DRB1*04:04,,,,,
37YV,37Y 38V,DRB1*04:04,,,,,
67LQ,67L 70Q,DRB1*04:04,,,,,
70QT,70Q 77T,DRB1*04:04,,,,,
73A,73A 77T,DRB1*04:04,,,,,
77T,77T,DRB1*04:04,,,,,
96Y,96Y,DRB1*04:04,,,,,
98E,98E,DRB1*04:04,,,,,
104A,104A,DRB1*04:04,,,,,
rq75VT,75V 77T,DRB1*04:04,,,,,
4R,4R,DRB1*04:05,,,,,
25R,25R,DRB1*04:05,,,,,
37YV,37Y 38V,DRB1*04:05,,,,,
57S,57S 58A 60Y,DRB1*04:05,,,,,
67LQ,67L 70Q,DRB1*04:05,,,,,
70QT,70Q 77T,DRB1*04:05,,,,,
73A,73A 77T,DRB1*04:05,,,,,
77T,77T,DRB1*04:05,,,,,
96Y,96Y,DRB1*04:05,,,,,
98E,98E,DRB1*04:05,,,,,
104A,104A,DRB1*04:05,,,,,
rq75VT,75V 77T,DRB1*04:05,,,,,
4Q,4Q,DRB1*07:01,,,,,
25Q,25Q 30L 14K,DRB1*07:01,,,,,
57V,57V 58A 60S,DRB1*07:01,,,,,
70D,70D,DRB1*07:01,,,,,
77T,77T,DRB1*07:01,,,,,
98E,98E,DRB1*07:01,,,,,
98ES,98E 120S,DRB1*07:01,,,,,
104A,104A,DRB1*07:01,,,,,
181M,181M,DRB1*07:01,,,,,
rq75VT,75V 77T,DRB1*07:01,,,,,
4R,4R,DRB1*08:01,,,,,
16Y,16Y 25R,DRB1*08:01,,,,,
25R,25R,DRB1*08:01,,,,,
37YV,37Y 38V,DRB1*08:01,,,,,
57S,57S 58A 60Y,DRB1*08:01,,,,,
70D,70D,DRB1*08:01,,,,,
70DA,70D 73A,DRB1*08:01,,,,,
73A,73A 77T,DRB1*08:01,,,,,
77T,77T,DRB1*08:01,,,,,
96HK,96H 98K 120S,DRB1*08:01,,,,,
rq75VT,75V 77T,DRB1*08:01,,,,,
4Q,4Q,DRB1*09:01,,,,,
13FE,13F 14E,DRB1*09:01,,,,,
25R,25R,DRB1*09:01,,,,,
57V,57V 58A 60S,DRB1*09:01,,,,,
70R,70R 71R,DRB1*09:01,,,,,
73A,73A 77T,DRB1*09:01,,,,,
77T,77T,DRB1*09:01,,,,,
98E,98E,DRB1*09:01,,,,,
98ES,98E 120S,DRB1*09:01,,,,,
104A,104A,DRB1*09:01,,,,,
181M,181M,DRB1*09:01,,,,,
rq70RK/R,70R 71K/R,DRB1*09:01,,,,,
rq75VT,75V 77T,DRB1*09:01,,,,,
13FE,13F 14E,DRB1*09:02,,,,,
25R,25R,DRB1*09:02,,,,,
70R,70R 71R,DRB1*09:02,,,,,
73A,73A 77T,DRB1*09:02,,,,,
77T,77T,DRB1*09:02,,,,,
98E,98E,DRB1*09:02,,,,,
104A,104A,DRB1*09:02,,,,,
181M,181M,DRB1*09:02,,,,,
rq70RK/R,70R 71K/R,DRB1*09:02,,,,,
rq75VT,75V 77T,DRB1*09:02,,,,,
4R,4R,DRB1*10:01,,,,,
13FE,13F 14E,DRB1*10:01,,,,,
25R,25R,DRB1*10:01,,,,,
30RV,30R 31V 10E,DRB1*10:01,,,,,
70R,70R 71R,DRB1*10:01,,,,,
73A,73A 77T,DRB1*10:01,,,,,
77T,77T,DRB1*10:01,,,,,
181M,181M,DRB1*10:01,,,,,
rq70RK/R,70R 71K/R,DRB1*10:01,,,,,
rq75VT,75V 77T,DRB1*10:01,,,,,
4R,4R,DRB1*11:01,,,,,
11STS,9E 10Y 11S 12T 13S,DRB1*11:01,,,,,
25R,25R,DRB1*11:01,,,,,
37YV,37Y 38V,DRB1*11:01,,,,,
47F,47F 48R,DRB1*11:01,,,,,
57DE,57D 58E,DRB1*11:01,,,,,
70D,70D,DRB1*11:01,,,,,
70DA,70D 73A,DRB1*11:01,,,,,
73A,73A 77T,DRB1*11:01,,,,,
77T,77T,DRB1*11:01,,,,,
96HK,96H 98K 120S,DRB1*11:01,,,,,
rp58E,57D 58E,DRB1*11:01,,,,,
rp58EE,57D 58E 59E,DRB1*11:01,,,,,
rq75VT,75V 77T,DRB1*11:01,,,,,
4R,4R,DRB1*11:04,,,,,
11STS,9E 10Y 11S 12T 13S,DRB1*11:04,,,,,
25R,25R,DRB1*11:04,,,,,
37YV,37Y 38V,DRB1*11:04,,,,,
47F,47F 48R,DRB1*11:04,,,,,
57DE,57D 58E,DRB1*11:04,,,,,
70D,70D,DRB1*11:04,,,,,
70DA,70D 73A,DRB1*11:04,,,,,
73A,73A 77T,DRB1*11:04,,,,,
77T,77T,DRB1*11:04,,,,,
96HK,96H 98K 120S,DRB1*11:04,,,,,
rp58E,57D 58E,DRB1*11:04,,,,,
rp58EE,57D 58E 59E,DRB1*11:04,,,,,
rq75VT,75V 77T,DRB1*11:04,,,,,
4R,4R,DRB1*12:01,,,,,
16Y,16Y 25R,DRB1*12:01,,,,,
25R,25R,DRB1*12:01,,,,,
37L,37L,DRB1*12:01,,,,,
47F,47F 48R,DRB1*12:01,,,,,
57V,57V 58A 60S,DRB1*12:01,,,,,
70D,70D,DRB1*12:01,,,,,
70DA,70D 73A,DRB1*12:01,,,,,
73A,73A 77T,DRB1*12:01,,,,,
77T,77T,DRB1*12:01,,,,,
96HK,96H 98K 120S,DRB1*12:01,,,,,
rq75VT,75V 77T,DRB1*12:01,,,,,
4R,4R,DRB1*12:02,,,,,
16Y,16Y 25R,DRB1*12:02,,,,,
25R,25R,DRB1*12:02,,,,,
37L,37L,DRB1*12:02,,,,,
47F,47F 48R,DRB1*12:02,,,,,
57V,57V 58A 60S,DRB1*12:02,,,,,
70D,70D,DRB1*12:02,,,,,
70DA,70D 73A,DRB1*12:02,,,,,
73A,73A 77T,DRB1*12:02,,,,,
77T,77T,DRB1*12:02,,,,,
96HK,96H 98K 120S,DRB1*12:02,,,,,
rq75VT,75V 77T,DRB1*12:02,,,,,
4R,4R,DRB1*13:01,,,,,
11STS,9E 10Y 11S 12T 13S,DRB1*13:01,,,,,
25R,25R,DRB1*13:01,,,,,
47F,47F 48R,DRB1*13:01,,,,,
70D,70D,DRB1*13:01,,,,,
70DA,70D 73A,DRB1*13:01,,,,,
73A,73A 77T,DRB1*13:01,,,,,
77T,77T,DRB1*13:01,,,,,
96HK,96H 98K 120S,DRB1*13:01,,,,,
rp67IE,67I 71E,DRB1*13:01,,,,,
rq75VT,75V 77T,DRB1*13:01,,,,,
4R,4R,DRB1*13:03,,,,,
11STS,9E 10Y 11S 12T 13S,DRB1*13:03,,,,,
25R,25R,DRB1*13:03,,,,,
37YV,37Y 38V,DRB1*13:03,,,,,
57S,57S 58A 60Y,DRB1*13:03,,,,,
70D,70D,DRB1*13:03,,,,,
70DA,70D 73A,DRB1*13:03,,,,,
73A,73A 77T,DRB1*13:03,,,,,
77T,77T,DRB1*13:03,,,,,
96HK,96H 98K 120S,DRB1*13:03,,,,,
rq75VT,75V 77T,DRB1*13:03,,,,,
4R,4R,DRB1*14:01,,,,,
11STS,9E 10Y 11S 12T 13S,DRB1*14:01,,,,,
25R,25R,DRB1*14:01,,,,,
70R,70R 71R,DRB1*14:01,,,,,
73A,73A 77T,DRB1*14:01,,,,,
77T,77T,DRB1*14:01,,,,,
96HK,96H 98K 120S,DRB1*14:01,,,,,
rq70RK/R,70R 71K/R,DRB1*14:01,,,,,
rq75VT,75V 77T,DRB1*14:01,,,,,
4R,4R,DRB1*14:02,,,,,
11STS,9E 10Y 11S 12T 13S,DRB1*14:02,,,,,
25R,25R,DRB1*14:02,,,,,
67LQ,67L 70Q,DRB1*14:02,,,,,
70QT,70Q 77T,DRB1*14:02,,,,,
73A,73A 77T,DRB1*14:02,,,,,
77T,77T,DRB1*14:02,,,,,
96HK,96H 98K 120S,DRB1*14:02,,,,,
rq75VT,75V 77T,DRB1*14:02,,,,,
4R,4R,DRB1*14:54,,,,,
11STS,9E 10Y 11S 12T 13S,DRB1*14:54,,,,,
25R,25R,DRB1*14:54,,,,,
70R,70R 71R,DRB1*14:54,,,,,
73A,73A 77T,DRB1*14:54,,,,,
77T,77T,DRB1*14:54,,,,,
96HK,96H 98K 120S,DRB1*14:54,,,,,
rq70RK/R,70R 71K/R,DRB1*14:54,,,,,
rq75VT,75V 77T,DRB1*14:54,,,,,
4R,4R,DRB1*15:01,,,,,
25R,25R,DRB1*15:01,,,,,
47F,47F 48R,DRB1*15:01,,,,,
70QT,70Q 77T,DRB1*15:01,,,,,
73A,73A 77T,DRB1*15:01,,,,,
77T,77T,DRB1*15:01,,,,,
142M,142M,DRB1*15:01,,,,,
rq75VT,75V 77T,DRB1*15:01,,,,,
4R,4R,DRB1*15:02,,,,,
25R,25R,DRB1*15:02,,,,,
47F,47F 48R,DRB1*15:02,,,,,
70QT,70Q 77T,DRB1*15:02,,,,,
73A,73A 77T,DRB1*15:02,,,,,
77T,77T,DRB1*15:02,,,,,
142M,142M,DRB1*15:02,,,,,
rq75VT,75V 77T,DRB1*15:02,,,,,
4R,4R,DRB1*15:03,,,,,
25R,25R,DRB1*15:03,,,,,
47F,47F 48R,DRB1*15:03,,,,,
70QT,70Q 77T,DRB1*15:03,,,,,
73A,73A 77T,DRB1*15:03,,,,,
77T,77T,DRB1*15:03,,,,,
142M,142M,DRB1*15:03,,,,,
rq75VT,75V 77T,DRB1*15:03,,,,,
4R,4R,DRB1*16:01,,,,,
25R,25R,DRB1*16:01,,,,,
70D,70D,DRB1*16:01,,,,,
70DA,70D 73A,DRB1*16:01,,,,,
73A,73A 77T,DRB1*16:01,,,,,
77T,77T,DRB1*16:01,,,,,
142M,142M,DRB1*16:01,,,,,
rq75VT,75V 77T,DRB1*16:01,,,,,
4R,4R,DRB1*16:02,,,,,
25R,25R,DRB1*16:02,,,,,
70D,70D,DRB1*16:02,,,,,
70DA,70D 73A,DRB1*16:02,,,,,
73A,73A 77T,DRB1*16:02,,,,,
77T,77T,DRB1*16:02,,,,,
142M,142M,DRB1*16:02,,,,,
rq75VT,75V 77T,DRB1*16:02,,,,,
4R,4R,DRB3*01:01,,,,,
25R,25R,DRB3*01:01,,,,,
57V,57V 58A 60S,DRB3*01:01,,,,,
67LQ,67L 70Q,DRB3*01:01,,,,,
74R,70Q 73G 74R,DRB3*01:01,,,,,
77N,73G 77N 78Y,DRB3*01:01,,,,,
98Q,96H 98Q 120S,DRB3*01:01,,,,,
104A,104A,DRB3*01:01,,,,,
4R,4R,DRB3*02:02,,,,,
25R,25R,DRB3*02:02,,,,,
51R,51R,DRB3*02:02,,,,,
67LQ,67L 70Q,DRB3*02:02,,,,,
77N,73G 77N 78Y,DRB3*02:02,,,,,
98Q,96H 98Q 120S,DRB3*02:02,,,,,
104A,104A,DRB3*02:02,,,,,
4R,4R,DRB3*03:01,,,,,
25R,25R,DRB3*03:01,,,,,
57V,57V 58A 60S,DRB3*03:01,,,,,
67LQ,67L 70Q,DRB3*03:01,,,,,
77N,73G 77N 78Y,DRB3*03:01,,,,,
98Q,96H 98Q 120S,DRB3*03:01,,,,,
104A,104A,DRB3*03:01,,,,,
4Q,4Q,DRB4*01:01,,,,,
48Q,48Q 18L 25W 26N 41N 44L 81Y,DRB4*01:01,,,,,
70R,70R 71R,DRB4*01:01,,,,,
73A,73A 77T,DRB4*01:01,,,,,
77T,77T,DRB4*01:01,,,,,
181M,181M,DRB4*01:01,,,,,
rq70RK/R,70R 71K/R,DRB4*01:01,,,,,
rq75VT,75V 77T,DRB4*01:01,,,,,
4Q,4Q,DRB4*01:03,,,,,
48Q,48Q 18L 25W 26N 41N 44L 81Y,DRB4*01:03,,,,,
70R,70R 71R,DRB4*01:03,,,,,
73A,73A 77T,DRB4*01:03,,,,,
77T,77T,DRB4*01:03,,,,,
181M,181M,DRB4*01:03,,,,,
rq70RK/R,70R 71K/R,DRB4*01:03,,,,,
rq75VT,75V 77T,DRB4*01:03,,,,,
4R,4R,DRB5*01:01,,,,,
25R,25R,DRB5*01:01,,,,,
70D,70D,DRB5*01:01,,,,,
70DA,70D 73A,DRB5*01:01,,,,,
73A,73A 77T,DRB5*01:01,,,,,
77T,77T,DRB5*01:01,,,,,
96EV,96E 98K 180V,DRB5*01:01,,,,,
104A,104A,DRB5*01:01,,,,,
108T,108T,DRB5*01:01,,,,,
rq75VT,75V 77T,DRB5*01:01,,,,,
4R,4R,DRB5*02:02,,,,,
25R,25R,DRB5*02:02,,,,,
70QT,70Q 77T,DRB5*02:02,,,,,
73A,73A 77T,DRB5*02:02,,,,,
77T,77T,DRB5*02:02,,,,,
96EV,96E 98K 180V,DRB5*02:02,,,,,
104A,104A,DRB5*02:02,,,,,
108T,108T,DRB5*02:02,,,,,
rq75VT,75V 77T,DRB5*02:02,,,,,
